{
  "right_hip": -1.2000000476837158,
  "right_knee": 1.7000000476837158,
  "left_hip": 1.2000000476837158,
  "left_knee": 0.7159327268600464,
  "right_shoulder": -1.5,
  "right_elbow": 1.5
}