{
  "right_hip": -1.2000000476837158,
  "right_knee": 1.7000000476837158,
  "left_hip": 1.0751993656158447,
  "left_knee": 1.7000000476837158,
  "right_shoulder": 1.5,
  "right_elbow": -1.0
}